,Source,Target,distancias,longitudclase,pesos
2,1,2,411.088071753345,A,0.957164979524731
3,1,3,237.71018448754,A,0.974775096272007
714,2,1,411.088071753345,A,0.957164979524731
716,2,3,451.755587148322,A,0.953126088825876
1427,3,1,237.71018448754,A,0.974775096272007
1428,3,2,451.755587148322,A,0.953126088825876
3537,5,685,224.189848638424,A,0.976175641617701
6430,10,13,180.873167209872,A,0.98068995990099
7021,10,604,28.0166830835427,A,0.99695931482945
7039,10,622,1.42861338569009,A,0.999844502116925
7119,10,702,188.594993658463,A,0.979882161628251
8566,13,10,180.873167209872,A,0.98068995990099
9160,13,604,152.857246365458,A,0.983631986377823
9178,13,622,179.639337410566,A,0.980819157138311
9258,13,702,265.020101661801,A,0.971958336818683
9284,14,15,403.320277295815,A,0.957940333982794
9996,15,14,403.320277295815,A,0.957940333982794
13283,19,449,476.324761546022,A,0.95070247819239
13575,20,28,481.450650741595,A,0.95019839126625
13576,20,29,469.753946788319,A,0.951349443840491
14170,20,623,52.7117558785487,A,0.994294420139665
14997,22,24,296.38899506832,A,0.968742953847141
14998,22,25,20.9051772705926,A,0.997729382817707
14999,22,26,317.994106115037,A,0.966540724630181
15000,22,27,294.040202737798,A,0.968982973401894
15651,22,678,263.7235323687,A,0.972091697534563
15667,22,694,96.2842437797498,A,0.989627007454606
15710,23,24,343.860239333769,A,0.963917299073255
15712,23,26,321.064049385501,A,0.966228614614384
15713,23,27,344.430956241632,A,0.96385957571591
16364,23,678,374.575334138572,A,0.960820513007661
16421,24,22,296.38899506832,A,0.968742953847141
16422,24,23,343.860239333769,A,0.963917299073255
16424,24,25,276.431493375489,A,0.970786176138058
16425,24,26,66.8293778048568,A,0.992777349816889
16426,24,27,59.4238136509857,A,0.993572569103734
17077,24,678,33.5388302906708,A,0.996362169626416
17093,24,694,392.006508166245,A,0.959071885248928
17134,25,22,20.9051772705926,A,0.997729382817707
17136,25,24,276.431493375489,A,0.970786176138058
17138,25,26,297.170107393794,A,0.968663159498608
17139,25,27,273.22629333492,A,0.971115123754441
17790,25,678,243.605936187435,A,0.974165624334722
17806,25,694,116.98047082759,A,0.987425377594109
17847,26,22,317.994106115037,A,0.966540724630181
17848,26,23,321.064049385501,A,0.966228614614384
17849,26,24,66.8293778048568,A,0.992777349816889
17850,26,25,297.170107393794,A,0.968663159498608
17852,26,27,24.0004430601932,A,0.997394066418944
18503,26,678,75.0333495220333,A,0.991897881334148
18519,26,694,414.092844840839,A,0.956865389995429
18560,27,22,294.040202737798,A,0.968982973401894
18561,27,23,344.430956241632,A,0.96385957571591
18562,27,24,59.4238136509857,A,0.993572569103734
18563,27,25,273.22629333492,A,0.971115123754441
18564,27,26,24.0004430601932,A,0.997394066418944
19216,27,678,57.1696619373674,A,0.993814875864354
19232,27,694,390.166622574707,A,0.959256154926518
19271,28,20,481.450650741595,A,0.95019839126625
19280,28,29,60.7533528565082,A,0.993429707609801
19823,28,572,33.2131561660444,A,0.996397367008162
19874,28,623,477.902741251397,A,0.950547240546628
19984,29,20,469.753946788319,A,0.951349443840491
19992,29,28,60.7533528565082,A,0.993429707609801
20536,29,572,53.7846837082177,A,0.99417896124809
20587,29,623,459.687733419316,A,0.952342277672764
22852,33,36,142.662267105801,A,0.984706973610325
23566,34,37,27.0107822765151,A,0.997068166411579
24988,36,33,142.662267105801,A,0.984706973610325
25702,37,34,27.0107822765151,A,0.997068166411579
26420,38,39,75.4226928212053,A,0.991856182330798
27132,39,38,75.4226928212053,A,0.991856182330798
28570,41,50,57.2394062418973,A,0.993807377029998
28613,41,93,274.175978471006,A,0.971017634942272
29990,43,44,32.994708547665,A,0.996420977229066
30702,44,43,32.994708547665,A,0.996420977229066
34978,50,41,57.2394062418973,A,0.993807377029998
35030,50,93,252.355440147078,A,0.973262549899758
35884,51,234,52.4279805234986,A,0.9943249619885
35885,51,235,75.4645260655069,A,0.99185170216282
35886,51,236,96.8363813438855,A,0.989568144529044
36416,52,53,375.281566950412,A,0.960749542543263
36419,52,56,350.517134101203,A,0.963244438193212
36422,52,59,184.070664879135,A,0.980355300699752
36427,52,64,399.74144608037,A,0.958297983426292
37128,53,52,375.281566950412,A,0.960749542543263
37132,53,56,65.8446316215921,A,0.992883019779311
37135,53,59,428.245041647324,A,0.955456869741878
37140,53,64,98.4225467065757,A,0.98939908370747
38560,55,58,211.867289387432,A,0.977455621764296
38564,55,62,77.6240774167858,A,0.991620478078436
38565,55,63,241.807101021044,A,0.974351497686217
38567,55,65,229.816744755937,A,0.975592273729781
38568,55,66,22.617131325397,A,0.997543895515134
39020,55,518,221.823016143907,A,0.976421231237568
39129,55,627,255.192483401198,A,0.972970085667287
39211,55,709,375.229183817081,A,0.960754806248093
39267,56,52,350.517134101203,A,0.963244438193212
39268,56,53,65.8446316215921,A,0.992883019779311
39274,56,59,431.647689598098,A,0.955118833848339
39279,56,64,57.2951869956687,A,0.993801379623399
40313,57,385,167.659006902002,A,0.982075418153609
40696,58,55,211.867289387432,A,0.977455621764296
40703,58,62,272.705473311492,A,0.971168596234123
40704,58,63,211.598302536766,A,0.977483599649347
40706,58,65,18.0075550266004,A,0.998043492482616
40707,58,66,221.667182569641,A,0.976437405331358
41159,58,518,240.522631657406,A,0.974484265113991
41268,58,627,218.811345980688,A,0.976733909859514
41350,58,709,184.805642610394,A,0.980278408121707
41406,59,52,184.070664879135,A,0.980355300699752
41407,59,53,428.245041647324,A,0.955456869741878
41410,59,56,431.647689598098,A,0.955118833848339
41418,59,64,488.377264521707,A,0.949518067254809
43548,62,55,77.6240774167858,A,0.991620478078436
43551,62,58,272.705473311492,A,0.971168596234123
43556,62,63,318.424327814201,A,0.966496973399872
43558,62,65,290.032743998257,A,0.969392764275709
43559,62,66,57.3924609721961,A,0.993790921142842
44011,62,518,205.969270783847,A,0.978069454698305
44120,62,627,331.834253417719,A,0.965135239206331
44202,62,709,417.186201845978,A,0.956557164099904
44261,63,55,241.807101021044,A,0.974351497686217
44264,63,58,211.598302536766,A,0.977483599649347
44268,63,62,318.424327814201,A,0.966496973399872
44270,63,64,479.296768113883,A,0.95041014188565
44271,63,65,219.857128026605,A,0.976625311634699
44272,63,66,263.977661759117,A,0.972065555764745
44724,63,518,406.487035817369,A,0.957624087450537
44833,63,627,13.4126614714844,A,0.998541996382693
44915,63,709,381.403015174909,A,0.960134827426298
44971,64,52,399.74144608037,A,0.958297983426292
44972,64,53,98.4225467065757,A,0.98939908370747
44975,64,56,57.2951869956687,A,0.993801379623399
44978,64,59,488.377264521707,A,0.949518067254809
44982,64,63,479.296768113883,A,0.95041014188565
45546,64,627,466.123005423065,A,0.951707325975732
45687,65,55,229.816744755937,A,0.975592273729781
45690,65,58,18.0075550266004,A,0.998043492482616
45694,65,62,290.032743998257,A,0.969392764275709
45695,65,63,219.857128026605,A,0.976625311634699
45698,65,66,239.412076615274,A,0.97459908529357
46150,65,518,249.185335821963,A,0.973589556694673
46259,65,627,226.213979303854,A,0.975965709748232
46341,65,709,170.013919226443,A,0.981828227298412
46400,66,55,22.617131325397,A,0.997543895515134
46403,66,58,221.667182569641,A,0.976437405331358
46407,66,62,57.3924609721961,A,0.993790921142842
46408,66,63,263.977661759117,A,0.972065555764745
46410,66,65,239.412076615274,A,0.97459908529357
46863,66,518,206.640681395801,A,0.977999539136716
46972,66,627,277.346130173076,A,0.970692348418167
47054,66,709,377.998740059323,A,0.960476587212658
47129,67,71,10.7293738010751,A,0.998833338923191
47755,67,697,442.026097300028,A,0.954089267237547
47842,68,71,10.7293738010751,A,0.998833338923191
48468,68,697,442.026097300028,A,0.954089267237547
48555,69,71,10.7293738010751,A,0.998833338923191
49181,69,697,442.026097300028,A,0.954089267237547
49269,70,72,381.664678220412,A,0.960108568784192
49271,70,74,327.968753237716,A,0.965527374349155
49862,70,665,393.51705601412,A,0.958920652578162
49977,71,67,10.7293738010751,A,0.998833338923191
49978,71,68,10.7293738010751,A,0.998833338923191
49979,71,69,10.7293738010751,A,0.998833338923191
50607,71,697,432.914892148365,A,0.954993004791671
50693,72,70,381.664678220412,A,0.960108568784192
50697,72,74,54.0103232735499,A,0.994154683349743
51249,72,626,236.601890007188,A,0.974889751114846
51288,72,665,13.3719539087604,A,0.998546415006169
52119,74,70,327.968753237716,A,0.965527374349155
52121,74,72,54.0103232735499,A,0.994154683349743
52675,74,626,289.933117594107,A,0.969402956192564
52714,74,665,65.548522448079,A,0.992914798706524
52840,75,78,284.797075805309,A,0.969928670732438
53556,76,81,133.957334055752,A,0.985626707554369
53557,76,82,49.0458591777458,A,0.994689113565945
54845,77,657,114.076627712373,A,0.987733692559263
54976,78,75,284.797075805309,A,0.969928670732438
57116,81,76,133.957334055752,A,0.985626707554369
57122,81,82,175.145361445333,A,0.981290019926787
57829,82,76,49.0458591777458,A,0.994689113565945
57834,82,81,175.145361445333,A,0.981290019926787
59074,83,608,498.77738326007,A,0.94849840712175
59264,84,85,458.564319297626,A,0.952453208919958
59859,84,680,146.514479577724,A,0.984300509448602
59976,85,84,458.564319297626,A,0.952453208919958
60692,86,87,59.4960967936283,A,0.993564801087592
60694,86,89,240.538929157716,A,0.97448258031842
60695,86,90,44.7193997797458,A,0.995155330639499
60696,86,91,64.1654372720089,A,0.993063260645491
60701,86,96,53.6543139130177,A,0.994192989047626
61404,87,86,59.4960967936283,A,0.993564801087592
61407,87,89,276.581125134076,A,0.970770824971546
61408,87,90,54.5806623403631,A,0.994093322474865
61409,87,91,60.7670498935223,A,0.993428236051154
61414,87,96,95.1894482014681,A,0.989743743409929
62123,88,92,441.289632270044,A,0.954162253424497
62126,88,95,42.763939625584,A,0.99536619347099
62830,89,86,240.538929157716,A,0.97448258031842
62831,89,87,276.581125134076,A,0.970770824971546
62834,89,90,285.204081902779,A,0.969886989634596
62835,89,91,219.130898924009,A,0.976700723630926
62840,89,96,273.978900749079,A,0.971037864114821
63543,90,86,44.7193997797458,A,0.995155330639499
63544,90,87,54.5806623403631,A,0.994093322474865
63546,90,89,285.204081902779,A,0.969886989634596
63548,90,91,94.7770666444277,A,0.989787722006324
63553,90,96,44.7760565243866,A,0.995149222513288
64256,91,86,64.1654372720089,A,0.993063260645491
64257,91,87,60.7670498935223,A,0.993428236051154
64259,91,89,219.130898924009,A,0.976700723630926
64260,91,90,94.7770666444277,A,0.989787722006324
64266,91,96,117.61216477159,A,0.98735833310325
64971,92,88,441.289632270044,A,0.954162253424497
64978,92,95,398.550113149787,A,0.958417098185434
65637,93,41,274.175978471006,A,0.971017634942272
65646,93,50,252.355440147078,A,0.973262549899758
67110,95,88,42.763939625584,A,0.99536619347099
67114,95,92,398.550113149787,A,0.958417098185434
67821,96,86,53.6543139130177,A,0.994192989047626
67822,96,87,95.1894482014681,A,0.989743743409929
67824,96,89,273.978900749079,A,0.971037864114821
67825,96,90,44.7760565243866,A,0.995149222513288
67826,96,91,117.61216477159,A,0.98735833310325
69260,98,99,469.014537636049,A,0.951422301551163
69273,98,112,297.707744280299,A,0.968608244964322
69281,98,120,439.591759442614,A,0.954330560946007
69282,98,121,439.591759442614,A,0.954330560946007
69289,98,128,465.429385124152,A,0.951775722988263
69292,98,131,419.158858516314,A,0.956360709834417
69803,98,642,442.117810103406,A,0.954080178968912
69840,98,679,366.399946655302,A,0.961642834640238
69843,98,682,366.36703216236,A,0.961646148190545
69972,99,98,469.014537636049,A,0.951422301551163
69994,99,120,438.199987096518,A,0.954468569488543
69995,99,121,438.199987096518,A,0.954468569488543
70002,99,128,399.154084965444,A,0.958356706699549
70516,99,642,438.84616712665,A,0.954404489128909
70541,99,667,439.953539629945,A,0.954294693254747
70553,99,679,301.015423972812,A,0.96827053363746
70556,99,682,300.873848855578,A,0.968284983514295
70582,99,708,230.008479707481,A,0.975572407911797
70689,100,102,292.0288563609,A,0.969188604415181
70701,100,114,382.286544345557,A,0.960046168485623
71416,101,116,168.356770010371,A,0.982002162256411
72113,102,100,292.0288563609,A,0.969188604415181
72146,102,133,247.493697223298,A,0.973764144769108
72830,103,104,101.620085008436,A,0.989058450863608
72845,103,119,37.5922671923912,A,0.995924300546158
72849,103,123,21.4268066719513,A,0.99767285785497
72853,103,127,101.620085008436,A,0.989058450863608
72862,103,136,37.1339591280701,A,0.995973789587484
72863,103,137,428.823982278585,A,0.955399338022053
73542,104,103,101.620085008436,A,0.989058450863608
73558,104,119,70.1398838699425,A,0.992422274850531
73562,104,123,85.5063785269372,A,0.990777430827979
73575,104,136,65.2519588559399,A,0.992946628441726
73576,104,137,338.292701501081,A,0.964480773004861
74289,105,137,211.91368206281,A,0.977450796527012
75700,107,122,323.207530915477,A,0.966010814084628
76411,108,120,238.097968627825,A,0.974734985748912
76412,108,121,238.097968627825,A,0.974734985748912
76419,108,128,242.550685964236,A,0.974274654572917
76422,108,131,285.172213125599,A,0.969890253155745
76933,108,642,235.861728066881,A,0.974966337077981
76958,108,667,196.969973459698,A,0.979007538497208
76970,108,679,367.156682444472,A,0.961566659234952
76973,108,682,367.283638743008,A,0.961553880596688
76999,108,708,420.940270145178,A,0.956183370735153
77114,109,110,421.398170619387,A,0.956137797477933
77128,109,124,22.2029433612887,A,0.997588765749991
77129,109,125,78.787148069254,A,0.991495992268173
77826,110,109,421.398170619387,A,0.956137797477933
77841,110,124,431.657459602789,A,0.955117863592082
77842,110,125,471.168251314755,A,0.951210116366472
78560,111,130,457.323601859585,A,0.952575753289396
79241,112,98,297.707744280299,A,0.968608244964322
79263,112,120,407.385183610523,A,0.957534432438823
79264,112,121,407.385183610523,A,0.957534432438823
79271,112,128,462.241461031814,A,0.952090206583588
79274,112,131,283.257489405351,A,0.970086370687376
79785,112,642,409.617709757161,A,0.957311649668127
79810,112,667,476.460390296284,A,0.950689133387794
79822,112,679,436.008261320857,A,0.954685982582248
79825,112,682,436.079078937093,A,0.954678956123471
80669,114,100,382.286544345557,A,0.960046168485623
82096,116,101,168.356770010371,A,0.982002162256411
84237,119,103,37.5922671923912,A,0.995924300546158
84238,119,104,70.1398838699425,A,0.992422274850531
84257,119,123,34.098233646907,A,0.996301717653448
84261,119,127,70.1398838699425,A,0.992422274850531
84270,119,136,11.3651483328722,A,0.998764293250197
84271,119,137,391.289764412152,A,0.959143660718254
84945,120,98,439.591759442614,A,0.954330560946007
84946,120,99,438.199987096518,A,0.954468569488543
84955,120,108,238.097968627825,A,0.974734985748912
84959,120,112,407.385183610523,A,0.957534432438823
84975,120,128,60.8758018462463,A,0.993416552301078
84978,120,131,159.558212212881,A,0.982926695152543
85489,120,642,2.57327081810842,A,0.999719946402885
85514,120,667,70.4675272474229,A,0.992387146615378
85526,120,679,143.218281037848,A,0.984648285365757
85529,120,682,143.361431042014,A,0.984633176764411
85555,120,708,289.85138807473,A,0.969411317393749
85658,121,98,439.591759442614,A,0.954330560946007
85659,121,99,438.199987096518,A,0.954468569488543
85668,121,108,238.097968627825,A,0.974734985748912
85672,121,112,407.385183610523,A,0.957534432438823
85688,121,128,60.8758018462463,A,0.993416552301078
85691,121,131,159.558212212881,A,0.982926695152543
86202,121,642,2.57327081810842,A,0.999719946402885
86227,121,667,70.4675272474229,A,0.992387146615378
86239,121,679,143.218281037848,A,0.984648285365757
86242,121,682,143.361431042014,A,0.984633176764411
86268,121,708,289.85138807473,A,0.969411317393749
86380,122,107,323.207530915477,A,0.966010814084628
87089,123,103,21.4268066719513,A,0.99767285785497
87090,123,104,85.5063785269372,A,0.990777430827979
87105,123,119,34.098233646907,A,0.996301717653448
87113,123,127,85.5063785269372,A,0.990777430827979
87122,123,136,27.2083723199988,A,0.997046782716793
87123,123,137,418.796518409018,A,0.956396788755903
87808,124,109,22.2029433612887,A,0.997588765749991
87809,124,110,431.657459602789,A,0.955117863592082
87824,124,125,56.95906491507,A,0.993837519721735
88521,125,109,78.787148069254,A,0.991495992268173
88522,125,110,471.168251314755,A,0.951210116366472
88536,125,124,56.95906491507,A,0.993837519721735
88989,125,577,454.325960943477,A,0.952871957330949
89941,127,103,101.620085008436,A,0.989058450863608
89957,127,119,70.1398838699425,A,0.992422274850531
89961,127,123,85.5063785269372,A,0.990777430827979
89974,127,136,65.2519588559399,A,0.992946628441726
89975,127,137,338.292701501081,A,0.964480773004861
90649,128,98,465.429385124152,A,0.951775722988263
90650,128,99,399.154084965444,A,0.958356706699549
90659,128,108,242.550685964236,A,0.974274654572917
90663,128,112,462.241461031814,A,0.952090206583588
90671,128,120,60.8758018462463,A,0.993416552301078
90672,128,121,60.8758018462463,A,0.993416552301078
90682,128,131,220.341197080486,A,0.976575052127737
91193,128,642,59.5290103915334,A,0.993561264018762
91218,128,667,45.6521837160076,A,0.995054777363519
91230,128,679,125.262572314523,A,0.986547083519524
91233,128,682,125.383341785431,A,0.986534287807192
91259,128,708,232.891899531876,A,0.975273751923061
92088,130,111,457.323601859585,A,0.952575753289396
92788,131,98,419.158858516314,A,0.956360709834417
92798,131,108,285.172213125599,A,0.969890253155745
92802,131,112,283.257489405351,A,0.970086370687376
92810,131,120,159.558212212881,A,0.982926695152543
92811,131,121,159.558212212881,A,0.982926695152543
92818,131,128,220.341197080486,A,0.976575052127737
93332,131,642,160.816736685221,A,0.982794345517732
93357,131,667,216.146968959658,A,0.977010698694433
93369,131,679,266.191373069814,A,0.971837895272052
93372,131,682,266.32568240883,A,0.971824086183862
93398,131,708,446.02622604343,A,0.953693035832911
93802,132,399,147.796354471452,A,0.984165327495974
94218,133,102,247.493697223298,A,0.973764144769108
95529,134,700,138.824915519844,A,0.985112203627313
96205,135,663,346.395562058176,A,0.963660924721147
96358,136,103,37.1339591280701,A,0.995973789587484
96359,136,104,65.2519588559399,A,0.992946628441726
96374,136,119,11.3651483328722,A,0.998764293250197
96378,136,123,27.2083723199988,A,0.997046782716793
96382,136,127,65.2519588559399,A,0.992946628441726
96392,136,137,392.972290791964,A,0.958975187754313
97071,137,103,428.823982278585,A,0.955399338022053
97072,137,104,338.292701501081,A,0.964480773004861
97073,137,105,211.91368206281,A,0.977450796527012
97087,137,119,391.289764412152,A,0.959143660718254
97091,137,123,418.796518409018,A,0.956396788755903
97095,137,127,338.292701501081,A,0.964480773004861
97104,137,136,392.972290791964,A,0.958975187754313
100478,141,658,233.601690408569,A,0.975200261954572
101031,142,498,402.397115173465,A,0.958032564365551
101032,142,499,400.137285242382,A,0.958258412221201
101392,143,146,51.0491356681849,A,0.994473389434632
103528,146,143,51.0491356681849,A,0.994473389434632
104698,147,600,456.754743814427,A,0.952631949350138
105004,148,193,35.6127904974632,A,0.996138083744185
105016,148,205,31.2420156455551,A,0.996610452017373
105392,148,581,34.2385804026512,A,0.996286552219971
107104,151,154,363.624551408791,A,0.961922317992836
107110,151,160,16.8079860650129,A,0.998173586721295
107219,151,269,171.015136798768,A,0.981723169010074
107822,152,159,89.9841317613059,A,0.990299153304062
108994,153,618,63.7148774243655,A,0.993111633840583
109240,154,151,363.624551408791,A,0.961922317992836
109249,154,160,352.363326825578,A,0.963057996392051
109959,155,157,25.9840625034004,A,0.99717929539264
110408,155,606,193.15894393625,A,0.979405341558128
110676,156,161,73.4499222056488,A,0.992067503897773
111383,157,155,25.9840625034004,A,0.99717929539264
111834,157,606,206.157692907774,A,0.978049832851657
112160,158,219,244.522324304394,A,0.974070961359737
112162,158,221,469.538638801432,A,0.951370658070095
112165,158,224,207.524817121708,A,0.977907487256371
112167,158,226,460.918232894397,A,0.952220801957442
112560,158,619,422.32607000152,A,0.956045460167805
112806,159,152,89.9841317613059,A,0.990299153304062
113518,160,151,16.8079860650129,A,0.998173586721295
113521,160,154,352.363326825578,A,0.963057996392051
113636,160,269,172.570822032335,A,0.981559974737077
114236,161,156,73.4499222056488,A,0.992067503897773
116875,164,656,101.680680721102,A,0.98905199788414
118530,167,172,413.483697188934,A,0.956926109627084
118544,167,186,274.176418393808,A,0.971017589787049
119258,168,187,181.205645032402,A,0.980655151183059
119985,169,201,268.308013851672,A,0.971620317322352
120668,170,171,444.719823496989,A,0.953822404901755
121380,171,170,444.719823496989,A,0.953822404901755
121398,171,188,138.139139661259,A,0.985184657705389
121421,171,211,462.732379599745,A,0.952041764717993
121841,171,631,190.72683130806,A,0.979659379482087
121874,171,664,189.137757227119,A,0.979825431919807
122090,172,167,413.483697188934,A,0.956926109627084
122109,172,186,195.897773699817,A,0.979119424230112
122827,173,191,9.23773884006463,A,0.998995369270074
123524,174,175,267.562162959966,A,0.971696975193583
123544,174,195,80.7858675091004,A,0.991282138265426
124236,175,174,267.562162959966,A,0.971696975193583
124257,175,195,189.588441051348,A,0.979778331387865
124954,176,179,328.162027664232,A,0.965507760083351
124969,176,194,421.127841617637,A,0.956164701867181
125697,177,209,362.336469624912,A,0.962052083517542
125706,177,218,336.447731666385,A,0.96466764226175
126397,178,196,18.3730756297711,A,0.998003858213645
127090,179,176,328.162027664232,A,0.965507760083351
127108,179,194,243.846134496638,A,0.974140810048501
128522,181,182,260.494938267697,A,0.97242393884232
128523,181,183,21.1052894770927,A,0.997707697441101
129234,182,181,260.494938267697,A,0.97242393884232
129236,182,183,262.612198087182,A,0.972206034736735
129947,183,181,21.1052894770927,A,0.997707697441101
129948,183,182,262.612198087182,A,0.972206034736735
131147,184,668,12.791559213767,A,0.998609418502637
132072,186,167,274.176418393808,A,0.971017589787049
132077,186,172,195.897773699817,A,0.979119424230112
132786,187,168,181.205645032402,A,0.980655151183059
133502,188,171,138.139139661259,A,0.985184657705389
133542,188,211,440.350661628261,A,0.954255324801772
133962,188,631,55.5857370989978,A,0.993985208272753
133995,188,664,65.5237777938003,A,0.99291745443593
134261,189,217,157.015172769259,A,0.983194236465231
135643,191,173,9.23773884006463,A,0.998995369270074
136387,192,204,1.42897503340821,A,0.999844462759385
136496,192,313,454.404839129341,A,0.952864160829656
136549,192,366,474.758423528247,A,0.950856620711761
136775,192,592,3.79957199451643,A,0.999586541065616
137044,193,148,35.6127904974632,A,0.996138083744185
137101,193,205,4.60785575704287,A,0.999498629956237
137477,193,581,1.85945972125356,A,0.999797615999991
137785,194,176,421.127841617637,A,0.956164701867181
137788,194,179,243.846134496638,A,0.974140810048501
138496,195,174,80.7858675091004,A,0.991282138265426
138497,195,175,189.588441051348,A,0.979778331387865
139213,196,178,18.3730756297711,A,0.998003858213645
140661,198,200,4.12341833504398,A,0.999551316812556
140677,198,216,4.06159573467909,A,0.999558040967066
141374,199,200,4.12341833504398,A,0.999551316812556
141390,199,216,4.06159573467909,A,0.999558040967066
142085,200,198,4.12341833504398,A,0.999551316812556
142086,200,199,4.12341833504398,A,0.999551316812556
142103,200,216,5.61102906101456,A,0.999389543640594
142465,200,578,4.12341833504398,A,0.999551316812556
142769,201,169,268.308013851672,A,0.971620317322352
143540,202,227,19.9935616909442,A,0.997828182960026
144931,204,192,1.42897503340821,A,0.999844462759385
145052,204,313,454.128866617627,A,0.952891439145093
145105,204,366,475.374456614187,A,0.950795991249307
145331,204,592,5.13537762787552,A,0.999441263601743
145600,205,148,31.2420156455551,A,0.996610452017373
145645,205,193,4.60785575704287,A,0.999498629956237
146033,205,581,3.0075952997559,A,0.999672693575506
148481,209,177,362.336469624912,A,0.962052083517542
149901,211,171,462.732379599745,A,0.952041764717993
149918,211,188,440.350661628261,A,0.954255324801772
149942,211,212,167.844030784343,A,0.982055992028428
150361,211,631,463.879814450686,A,0.951928559695068
150394,211,664,489.77997165194,A,0.949380413580526
150654,212,211,167.844030784343,A,0.982055992028428
151534,213,378,410.009619131813,A,0.957272551905495
151755,213,599,269.121963586165,A,0.971536674115374
152541,214,672,67.5879213526153,A,0.992695968270137
152565,214,696,37.3603537983007,A,0.995949342413668
153493,216,198,4.06159573467909,A,0.999558040967066
153494,216,199,4.06159573467909,A,0.999558040967066
153495,216,200,5.61102906101456,A,0.999389543640594
153873,216,578,4.06159573467909,A,0.999558040967066
154197,217,189,157.015172769259,A,0.983194236465231
154898,218,177,336.447731666385,A,0.96466764226175
155592,219,158,244.522324304394,A,0.974070961359737
155658,219,224,39.5749550902726,A,0.995710262503198
156053,219,619,183.554322573555,A,0.980409327089633
157018,221,158,469.538638801432,A,0.951370658070095
157086,221,226,191.602116546687,A,0.979567939407679
158192,222,619,359.23390096009,A,0.962364790093818
158901,223,615,68.2157920520331,A,0.992628616258921
159157,224,158,207.524817121708,A,0.977907487256371
159218,224,219,39.5749550902726,A,0.995710262503198
159618,224,619,216.089302062917,A,0.977016691155027
160583,226,158,460.918232894397,A,0.952220801957442
160646,226,221,191.602116546687,A,0.979567939407679
161340,227,202,19.9935616909442,A,0.997828182960026
162890,229,326,469.417714585552,A,0.951382573110733
164940,232,237,117.369275566127,A,0.98738411093872
165384,232,681,142.442586877833,A,0.984730163171382
166064,233,648,225.587976706603,A,0.976030625702016
166180,234,51,52.4279805234986,A,0.9943249619885
166364,234,235,38.1951814521764,A,0.995859204122465
166365,234,236,53.7051983149384,A,0.994187513835142
166893,235,51,75.4645260655069,A,0.99185170216282
167076,235,234,38.1951814521764,A,0.995859204122465
167078,235,236,22.0213852304447,A,0.997608435763976
167606,236,51,96.8363813438855,A,0.989568144529044
167789,236,234,53.7051983149384,A,0.994187513835142
167790,236,235,22.0213852304447,A,0.997608435763976
168500,237,232,117.369275566127,A,0.98738411093872
168949,237,681,92.0503203649566,A,0.990078615344088
169225,238,244,63.3927382909019,A,0.993146222366493
169679,238,698,375.662680208452,A,0.960711248217969
169934,239,240,399.508567474005,A,0.958321265335759
170646,240,239,399.508567474005,A,0.958321265335759
170649,240,242,306.38831671423,A,0.967722467444609
171105,240,698,478.457331692628,A,0.950492693383213
171602,241,482,41.0714680641943,A,0.995548769648112
172073,242,240,306.38831671423,A,0.967722467444609
172077,242,244,484.80620698479,A,0.949868690702889
172531,242,698,172.470427243176,A,0.98157050469936
173497,244,238,63.3927382909019,A,0.993146222366493
173501,244,242,484.80620698479,A,0.949868690702889
173957,244,698,312.3429035136,A,0.967115789465696
174223,245,251,35.745362298222,A,0.996123763141252
174226,245,254,494.462708841808,A,0.94892116535307
174239,245,267,411.023648463405,A,0.957171404873684
174248,245,276,319.210628717799,A,0.966417021065832
174673,245,701,149.912069391757,A,0.98394229294776
174932,246,247,85.3258953277472,A,0.990796718275091
174948,246,263,148.398968368955,A,0.984101790814335
175392,246,707,277.044396202511,A,0.970723299695092
175644,247,246,85.3258953277472,A,0.990796718275091
175648,247,250,85.3258953277472,A,0.990796718275091
175660,247,262,85.3258953277472,A,0.990796718275091
175661,247,263,65.1084936452311,A,0.992962027084695
176105,247,707,238.586643168398,A,0.974684444309591
177084,249,260,352.155949868506,A,0.963078935208324
177784,250,247,85.3258953277472,A,0.990796718275091
177800,250,263,148.398968368955,A,0.984101790814335
178244,250,707,277.044396202511,A,0.970723299695092
178495,251,245,35.745362298222,A,0.996123763141252
178517,251,267,436.968473704249,A,0.954590719997785
178526,251,276,289.560478946423,A,0.969441079533829
178951,251,701,185.12662364487,A,0.980244831215828
179217,252,254,351.653301474577,A,0.963129691309885
179230,252,267,435.03967871653,A,0.954782094840151
179587,252,624,74.7186279112189,A,0.991931590852937
180634,254,245,494.462708841808,A,0.94892116535307
180641,254,252,351.653301474577,A,0.963129691309885
180656,254,267,83.5220540911286,A,0.990989528134823
181013,254,624,279.741619571128,A,0.970446693848521
181090,254,701,428.216298261457,A,0.955459726271298
181363,255,261,62.0991575775811,A,0.993285140189325
181761,255,659,162.104912685894,A,0.982658914558546
184227,259,273,250.225471291191,A,0.973482239046059
184916,260,249,352.155949868506,A,0.963078935208324
184937,260,270,494.462147152193,A,0.948921220412789
185635,261,255,62.0991575775811,A,0.993285140189325
186039,261,659,150.006312497643,A,0.983932360374752
186340,262,247,85.3258953277472,A,0.990796718275091
186356,262,263,148.398968368955,A,0.984101790814335
186800,262,707,277.044396202511,A,0.970723299695092
187052,263,246,148.398968368955,A,0.984101790814335
187053,263,247,65.1084936452311,A,0.992962027084695
187056,263,250,148.398968368955,A,0.984101790814335
187068,263,262,148.398968368955,A,0.984101790814335
187513,263,707,206.07316732938,A,0.978058635053624
189903,267,245,411.023648463405,A,0.957171404873684
189909,267,251,436.968473704249,A,0.954590719997785
189910,267,252,435.03967871653,A,0.954782094840151
189912,267,254,83.5220540911286,A,0.990989528134823
190282,267,624,363.263620863367,A,0.961958675772872
190359,267,701,350.379592642171,A,0.963258331006976
190954,268,583,100.236174642567,A,0.989205849647146
191046,268,675,317.845984723379,A,0.966555788694819
191235,269,151,171.015136798768,A,0.981723169010074
191244,269,160,172.570822032335,A,0.981559974737077
192057,270,260,494.462147152193,A,0.948921220412789
192472,270,675,440.540862776165,A,0.954236470474562
194195,273,259,250.225471291191,A,0.973482239046059
195905,275,543,247.61693282383,A,0.973751423941303
196320,276,245,319.210628717799,A,0.966417021065832
196326,276,251,289.560478946423,A,0.969441079533829
196776,276,701,440.718068282098,A,0.954218905054403
199208,280,281,154.302824895367,A,0.983479750485287
199209,280,282,76.1097317645179,A,0.991782608418393
199212,280,285,84.1847205624596,A,0.990918687999088
199213,280,286,82.237468895418,A,0.991126881257124
199532,280,605,147.966961516525,A,0.984147338685461
199920,281,280,154.302824895367,A,0.983479750485287
199922,281,282,146.047731760892,A,0.984349740231161
199925,281,285,143.589598766151,A,0.984609096024767
199926,281,286,233.574131116206,A,0.975203115167968
200245,281,605,8.21869433123733,A,0.99910609423193
200633,282,280,76.1097317645179,A,0.991782608418393
200634,282,281,146.047731760892,A,0.984349740231161
200638,282,285,148.691612271921,A,0.98407093882219
200639,282,286,113.543213009806,A,0.987790348692648
200958,282,605,137.945682994407,A,0.985205098853957
201350,283,284,73.0321318395943,A,0.992112268813246
201352,283,286,471.159805205446,A,0.95121094829746
202062,284,283,73.0321318395943,A,0.992112268813246
202772,285,280,84.1847205624596,A,0.990918687999088
202773,285,281,143.589598766151,A,0.984609096024767
202774,285,282,148.691612271921,A,0.98407093882219
202778,285,286,152.263824886383,A,0.983694494067629
203097,285,605,141.150129848085,A,0.984866617737948
203485,286,280,82.237468895418,A,0.991126881257124
203486,286,281,233.574131116206,A,0.975203115167968
203487,286,282,113.543213009806,A,0.987790348692648
203488,286,283,471.159805205446,A,0.95121094829746
203490,286,285,152.263824886383,A,0.983694494067629
203810,286,605,226.644012443417,A,0.975921120669018
204561,287,643,46.8681621452615,A,0.994923726480686
205642,289,298,486.971233612957,A,0.949656087171251
205645,289,301,213.898646766727,A,0.977244387740035
205655,289,311,490.233471271926,A,0.949335918252685
206350,290,293,462.318109054056,A,0.95208264294094
206352,290,295,17.9440828375298,A,0.998050375243937
206369,290,312,364.145805578967,A,0.961869815110913
206674,290,617,372.531036733728,A,0.961026006838013
206686,290,629,300.054843323755,A,0.968368583850966
207070,291,300,189.411809514728,A,0.979796790439861
207088,291,318,299.544532211916,A,0.968420681373977
207372,291,602,417.57207260821,A,0.956518729392166
208095,292,612,292.206907412762,A,0.969170397754995
208166,292,683,124.666818047776,A,0.986610209463677
208486,293,290,462.318109054056,A,0.95208264294094
208491,293,295,468.964278484943,A,0.951427254243692
208500,293,304,384.944874409018,A,0.959779513443396
209217,294,308,35.2909557637726,A,0.996172850523563
209525,294,616,14.089457962099,A,0.998468538886501
209912,295,290,17.9440828375298,A,0.998050375243937
209915,295,293,468.964278484943,A,0.951427254243692
209934,295,312,365.344682327337,A,0.96174908101994
210239,295,617,372.847258426623,A,0.960994214323667
210251,295,629,291.57387045434,A,0.969235132234071
210638,296,303,105.999902398715,A,0.98859225065169
210651,296,316,71.1170255491648,A,0.992317518103734
211353,297,305,158.091178274887,A,0.983081017174268
211357,297,309,471.362218168941,A,0.951191011279307
211360,297,312,447.186012396876,A,0.953578215122494
211365,297,317,75.5905991690717,A,0.991838200498037
211665,297,617,432.626980574261,A,0.955021590555903
212050,298,289,486.971233612957,A,0.949656087171251
212072,298,311,5.05240450817153,A,0.999450286232721
212776,299,302,35.1598986369992,A,0.996187008902147
213102,299,628,359.485491359796,A,0.962339424830709
213478,300,291,189.411809514728,A,0.979796790439861
213505,300,318,293.534057624315,A,0.969034711186833
214189,301,289,213.898646766727,A,0.977244387740035
214912,302,299,35.1598986369992,A,0.996187008902147
215241,302,628,374.852811718061,A,0.96079262759159
215622,303,296,105.999902398715,A,0.98859225065169
215642,303,316,171.926413310333,A,0.981627567827038
216332,304,293,384.944874409018,A,0.959779513443396
217049,305,297,158.091178274887,A,0.983081017174268
217064,305,312,308.081909414713,A,0.967549839759934
217069,305,317,231.856164267679,A,0.975381009232336
217354,305,602,472.598880721799,A,0.95106922219128
217369,305,617,291.132522654939,A,0.96928026966001
217381,305,629,359.579834087416,A,0.962329913571984
217779,306,314,247.19128696295,A,0.97379536206682
218803,307,625,94.2250424503756,A,0.98984659896564
219185,308,294,35.2909557637726,A,0.996172850523563
219507,308,616,49.1515862540705,A,0.994677725937634
219901,309,297,471.362218168941,A,0.951191011279307
219921,309,317,413.771112164321,A,0.956897459239487
221319,311,289,490.233471271926,A,0.949335918252685
221328,311,298,5.05240450817153,A,0.999450286232721
222033,312,290,364.145805578967,A,0.961869815110913
222038,312,295,365.344682327337,A,0.96174908101994
222040,312,297,447.186012396876,A,0.953578215122494
222048,312,305,308.081909414713,A,0.967549839759934
222360,312,617,19.8151272338372,A,0.997847523828743
222372,312,629,193.948896717613,A,0.979322858112385
222648,313,192,454.404839129341,A,0.952864160829656
222660,313,204,454.128866617627,A,0.952891439145093
222822,313,366,293.029687666545,A,0.969086273012872
223048,313,592,456.625440020476,A,0.952644723872775
223475,314,306,247.19128696295,A,0.97379536206682
223809,314,640,320.134062776845,A,0.966323141701062
224891,316,296,71.1170255491648,A,0.992317518103734
224898,316,303,171.926413310333,A,0.981627567827038
225605,317,297,75.5905991690717,A,0.991838200498037
225613,317,305,231.856164267679,A,0.975381009232336
225617,317,309,413.771112164321,A,0.956897459239487
225925,317,617,495.314305935646,A,0.948837694752738
226312,318,291,299.544532211916,A,0.968420681373977
226321,318,300,293.534057624315,A,0.969034711186833
226623,318,602,260.313224736199,A,0.97244264498357
227369,319,635,52.1794110555491,A,0.994351716280073
229448,322,575,370.32897276372,A,0.961247457803928
231954,326,229,469.417714585552,A,0.951382573110733
233482,328,331,171.471672503407,A,0.98167527194048
233483,328,332,4.54279235178759,A,0.999505705854391
233485,328,334,228.396933463295,A,0.975739406742038
234197,329,333,310.915088175805,A,0.967261191868464
234574,329,710,239.801525486959,A,0.974558817131535
235618,331,328,171.471672503407,A,0.98167527194048
235622,331,332,170.829505704583,A,0.981742645680926
235624,331,334,65.3366259136083,A,0.992937541042518
236331,332,328,4.54279235178759,A,0.999505705854391
236334,332,331,170.829505704583,A,0.981742645680926
236337,332,334,228.475091052789,A,0.975731306228649
237045,333,329,310.915088175805,A,0.967261191868464
237757,334,328,228.396933463295,A,0.975739406742038
237760,334,331,65.3366259136083,A,0.992937541042518
237761,334,332,228.475091052789,A,0.975731306228649
238486,335,344,398.578481382968,A,0.958414261459288
238804,335,662,399.028860471882,A,0.958369227342581
239205,336,350,147.554717406435,A,0.984190806838653
239424,336,569,149.673426348563,A,0.983967445174527
239906,337,338,218.456334327204,A,0.976770781192426
239911,337,343,95.6500481334796,A,0.989694627165695
240618,338,337,218.456334327204,A,0.976770781192426
240624,338,343,122.883840238254,A,0.986799181536579
240627,338,346,218.456334327204,A,0.976770781192426
241352,339,358,162.852980621911,A,0.982580284393473
242048,340,341,255.439243708118,A,0.972944656026248
242052,340,345,5.29118053866292,A,0.999424321781853
242064,340,357,146.551870399627,A,0.984296565820121
242377,340,670,201.463683840742,A,0.978538890777077
242760,341,340,255.439243708118,A,0.972944656026248
242765,341,345,251.151080815031,A,0.973386757688852
242777,341,357,371.637030229814,A,0.961115900460978
243090,341,670,451.876273299006,A,0.953114153617256
244183,343,337,95.6500481334796,A,0.989694627165695
244184,343,338,122.883840238254,A,0.986799181536579
244192,343,346,95.6500481334796,A,0.989694627165695
244894,344,335,398.578481382968,A,0.958414261459288
245221,344,662,24.7306406855381,A,0.997314995488609
245612,345,340,5.29118053866292,A,0.999424321781853
245613,345,341,251.151080815031,A,0.973386757688852
245629,345,357,151.746703192277,A,0.983748971244375
245942,345,670,204.717201320329,A,0.978199862333714
246323,346,338,218.456334327204,A,0.976770781192426
246328,346,343,95.6500481334796,A,0.989694627165695
248477,349,353,305.723889863843,A,0.967790209212421
248478,349,354,278.401417512029,A,0.970584114640704
249173,350,336,147.554717406435,A,0.984190806838653
249406,350,569,3.99286237046261,A,0.999565516879177
250618,352,355,213.996450599124,A,0.977234219751987
251325,353,349,305.723889863843,A,0.967790209212421
251330,353,354,27.3224726794347,A,0.997034434904753
252038,354,349,278.401417512029,A,0.970584114640704
252042,354,353,27.3224726794347,A,0.997034434904753
252754,355,352,213.996450599124,A,0.977234219751987
254168,357,340,146.551870399627,A,0.984296565820121
254169,357,341,371.637030229814,A,0.961115900460978
254173,357,345,151.746703192277,A,0.983748971244375
254498,357,670,189.702608144591,A,0.979766400613858
254880,358,339,162.852980621911,A,0.982580284393473
256341,360,374,474.205040397103,A,0.950911090811058
256347,360,380,429.443306562849,A,0.955337800881669
256636,360,669,325.243158874386,A,0.965804063509289
257044,361,364,6.30729142442225,A,0.99931384520075
257052,361,372,6.22723179457757,A,0.999322548791709
257294,361,614,331.235647940234,A,0.965195943813167
257367,361,687,100.752034575781,A,0.989150900832611
257760,362,367,28.9213580805522,A,0.996861437497515
258777,363,671,82.838397604507,A,0.99106262275345
259180,364,361,6.30729142442225,A,0.99931384520075
259191,364,372,0.186020827833312,A,0.999979749764361
259433,364,614,326.000664040829,A,0.965727149336875
259470,364,651,496.178568523078,A,0.948752997737199
259506,364,687,100.666539996974,A,0.989160007196068
259907,365,375,495.228614086131,A,0.948846093306817
259914,365,382,457.070248663622,A,0.952600780597846
260437,366,192,474.758423528247,A,0.950856620711761
260449,366,204,475.374456614187,A,0.950795991249307
260558,366,313,293.029687666545,A,0.969086273012872
260837,366,592,474.699722293608,A,0.950862398441819
261320,367,362,28.9213580805522,A,0.996861437497515
262046,368,375,395.45227475458,A,0.958726972486388
262053,368,382,430.095704558235,A,0.955272986052621
262760,369,376,139.404106469412,A,0.985051018834499
262765,369,381,92.0781058953289,A,0.99007565028021
262963,369,579,125.995587229662,A,0.986469424561237
262998,369,614,372.638222859486,A,0.961015230249813
263035,369,651,268.531433245314,A,0.971597356835941
263706,370,609,283.484157454842,A,0.970063149842313
263750,370,653,387.022557626544,A,0.959571205746172
264419,371,609,324.523999576483,A,0.965877095526873
264884,372,361,6.22723179457757,A,0.999322548791709
264887,372,364,0.186020827833312,A,0.999979749764361
265137,372,614,325.974976493068,A,0.965729757351391
265174,372,651,496.176037065867,A,0.948753245795823
265210,372,687,100.498308240594,A,0.989177926710933
266309,374,360,474.205040397103,A,0.950911090811058
266618,374,669,271.39589528847,A,0.971303076350474
267027,375,365,495.228614086131,A,0.948846093306817
267030,375,368,395.45227475458,A,0.958726972486388
267044,375,382,40.523718303909,A,0.995607872761833
267744,376,369,139.404106469412,A,0.985051018834499
267756,376,381,220.263799307732,A,0.976583087769938
267954,376,579,177.642659593589,A,0.981028306129595
267989,376,614,266.105791192071,A,0.971846694624349
268026,376,651,130.916820344953,A,0.985948362995672
269014,378,213,410.009619131813,A,0.957272551905495
269400,378,599,326.072238983536,A,0.965719882524856
270587,380,360,429.443306562849,A,0.955337800881669
271309,381,369,92.0781058953289,A,0.99007565028021
271316,381,376,220.263799307732,A,0.976583087769938
271519,381,579,112.160615201117,A,0.987937230259906
271554,381,614,464.538699346097,A,0.951863566795074
271591,381,651,351.161358418007,A,0.963179371595331
272018,382,365,457.070248663622,A,0.952600780597846
272021,382,368,430.095704558235,A,0.955272986052621
272028,382,375,40.523718303909,A,0.995607872761833
272762,383,396,195.935066867956,A,0.979115532200026
273849,385,57,167.659006902002,A,0.982075418153609
278466,391,396,482.681598310682,A,0.950077417794486
278656,391,586,323.385286395141,A,0.96599275664553
280170,393,674,429.990117007728,A,0.95528347543168
282018,396,383,195.935066867956,A,0.979115532200026
282026,396,391,482.681598310682,A,0.950077417794486
283906,399,132,147.796354471452,A,0.984165327495974
284888,400,401,14.729337050857,A,0.998399098235142
284895,400,408,334.692532251505,A,0.964845486274651
284900,400,413,263.400120527543,A,0.972124968281544
284901,400,414,14.3517275373873,A,0.998440075825359
285061,400,574,24.7911813533562,A,0.99730844028246
285081,400,594,346.87229495984,A,0.963612732248697
285131,400,644,123.656838032033,A,0.986717245103
285600,401,400,14.729337050857,A,0.998399098235142
285608,401,408,333.259180191739,A,0.964990768039174
285613,401,413,255.511570532745,A,0.972937202708287
285614,401,414,2.7636424874093,A,0.999699234150102
285774,401,574,31.9354830977557,A,0.996535476134763
285794,401,594,345.870633342152,A,0.963713994838674
285844,401,644,131.867984032963,A,0.985847716983798
286329,402,416,79.8590721981366,A,0.99138128972917
286330,402,417,405.800948538166,A,0.957692585445111
287053,403,427,47.7799154547735,A,0.994825485804737
287057,403,431,423.271653418161,A,0.955951381426374
289893,407,415,240.237168322301,A,0.974513776557477
289896,407,418,413.710985886118,A,0.956903452665495
289898,407,420,280.177682117682,A,0.970401989532675
289900,407,422,158.699378674395,A,0.983017032736633
289910,407,432,272.758205615304,A,0.971163181951916
290184,407,706,154.237745798954,A,0.983486603042784
290591,408,400,334.692532251505,A,0.964845486274651
290592,408,401,333.259180191739,A,0.964990768039174
290605,408,414,330.625164342494,A,0.96525786084632
290765,408,574,311.807423909972,A,0.967170315218287
290785,408,594,15.9302095439132,A,0.998268803796315
290835,408,644,249.045792144887,A,0.973603956137988
292033,410,416,437.701056787576,A,0.9545180532801
292034,410,417,102.404887646095,A,0.988974881907621
292759,411,429,215.721363007611,A,0.977054927304832
294156,413,400,263.400120527543,A,0.972124968281544
294157,413,401,255.511570532745,A,0.972937202708287
294170,413,414,258.144621789246,A,0.972665943096222
294180,413,424,345.460384308148,A,0.963755474948175
294330,413,574,286.979577789531,A,0.969705204722789
294400,413,644,386.966737193021,A,0.959576801098719
294869,414,400,14.3517275373873,A,0.998440075825359
294870,414,401,2.7636424874093,A,0.999699234150102
294877,414,408,330.625164342494,A,0.96525786084632
294882,414,413,258.144621789246,A,0.972665943096222
295043,414,574,29.5284236554095,A,0.996795769482146
295063,414,594,343.213604444734,A,0.963982709269913
295113,414,644,129.335530484771,A,0.986115730386633
295589,415,407,240.237168322301,A,0.974513776557477
295600,415,418,173.722064450392,A,0.981439242194768
295602,415,420,53.5627742926284,A,0.994202838954066
295604,415,422,224.712249286318,A,0.976121452405915
295614,415,432,32.5254574460154,A,0.996471698535883
295888,415,706,345.597769525437,A,0.96374158358823
296297,416,402,79.8590721981366,A,0.99138128972917
296305,416,410,437.701056787576,A,0.9545180532801
296312,416,417,335.364477521548,A,0.9647773942743
297010,417,402,405.800948538166,A,0.957692585445111
297018,417,410,102.404887646095,A,0.988974881907621
297024,417,416,335.364477521548,A,0.9647773942743
297728,418,407,413.710985886118,A,0.956903452665495
297736,418,415,173.722064450392,A,0.981439242194768
297741,418,420,138.518558666992,A,0.98514456974206
297743,418,422,379.557727090882,A,0.960320048202247
297753,418,432,141.251970216947,A,0.984855864299361
299154,420,407,280.177682117682,A,0.970401989532675
299162,420,415,53.5627742926284,A,0.994202838954066
299165,420,418,138.518558666992,A,0.98514456974206
299169,420,422,278.026839110237,A,0.970622529883489
299179,420,432,38.1784566774388,A,0.995861009775287
299453,420,706,368.676469453132,A,0.961413709144578
300580,422,407,158.699378674395,A,0.983017032736633
300588,422,415,224.712249286318,A,0.976121452405915
300591,422,418,379.557727090882,A,0.960320048202247
300593,422,420,278.026839110237,A,0.970622529883489
300605,422,432,250.911245117109,A,0.973411496170064
300879,422,706,312.558054131097,A,0.967093883267622
302012,424,413,345.460384308148,A,0.963755474948175
304141,427,403,47.7799154547735,A,0.994825485804737
304169,427,431,470.500517256196,A,0.951275891809602
305575,429,411,215.721363007611,A,0.977054927304832
306993,431,403,423.271653418161,A,0.955951381426374
307017,431,427,470.500517256196,A,0.951275891809602
307710,432,407,272.758205615304,A,0.971163181951916
307718,432,415,32.5254574460154,A,0.996471698535883
307721,432,418,141.251970216947,A,0.984855864299361
307723,432,420,38.1784566774388,A,0.995861009775287
307725,432,422,250.911245117109,A,0.973411496170064
308009,432,706,375.639047103257,A,0.960713622787636
309882,435,440,68.6553664332636,A,0.992581468328894
309883,435,441,233.415526657872,A,0.975219535811248
310055,435,613,439.019267621809,A,0.954387324565971
311514,437,646,34.3156703234286,A,0.996278222319584
312024,438,443,186.183911779264,A,0.980134247599861
312154,438,573,301.599232997669,A,0.968210951673601
312737,439,443,396.98934843874,A,0.958573195191594
312867,439,573,267.443486239234,A,0.97170917379368
313442,440,435,68.6553664332636,A,0.992581468328894
313448,440,441,301.91014203264,A,0.968179224133945
314155,441,435,233.415526657872,A,0.975219535811248
314160,441,440,301.91014203264,A,0.968179224133945
314333,441,613,207.058000134665,A,0.977956087794737
315584,443,438,186.183911779264,A,0.980134247599861
315585,443,439,396.98934843874,A,0.958573195191594
315719,443,573,138.660113772335,A,0.985129614405777
319443,449,19,476.324761546022,A,0.95070247819239
321306,451,456,335.198222982566,A,0.964794240888698
321447,451,597,52.6837938538812,A,0.994297429521094
322016,452,453,326.815804444102,A,0.965644396786242
322728,453,452,326.815804444102,A,0.965644396786242
322730,453,454,310.565146386074,A,0.967296835064731
323442,454,453,310.565146386074,A,0.967296835064731
324866,456,451,335.198222982566,A,0.964794240888698
325012,456,597,282.566414988961,A,0.970157174170221
325586,457,458,437.162543720312,A,0.954571468638357
326298,458,457,437.162543720312,A,0.954571468638357
326349,458,508,437.175748767713,A,0.954570158752145
326350,458,509,439.064414682084,A,0.954382847906415
327728,460,461,379.870965512881,A,0.960288601862654
327729,460,462,58.9548891701869,A,0.993622965725224
327732,460,465,126.976500049902,A,0.986365521288862
328440,461,460,379.870965512881,A,0.960288601862654
328442,461,462,338.241000767584,A,0.964486008569357
328445,461,465,497.886993546217,A,0.948585617983721
329153,462,460,58.9548891701869,A,0.993622965725224
329154,462,461,338.241000767584,A,0.964486008569357
329158,462,465,184.186993570909,A,0.980343129713883
331292,465,460,126.976500049902,A,0.986365521288862
331293,465,461,497.886993546217,A,0.948585617983721
331294,465,462,184.186993570909,A,0.980343129713883
332012,466,467,123.787565121972,A,0.986703389601956
332013,466,468,189.240735622346,A,0.979814669347861
332016,466,471,19.8606075114017,A,0.997842594059035
332019,466,474,26.6049783549746,A,0.997112086415872
332020,466,475,297.358275293615,A,0.968643939215117
332021,466,476,137.082828574084,A,0.985296280688465
332023,466,478,134.833404737792,A,0.985534067126089
332148,466,603,430.469215849918,A,0.955235882186602
332724,467,466,123.787565121972,A,0.986703389601956
332726,467,468,67.2190951569434,A,0.992735536706514
332729,467,471,119.968883744485,A,0.987108284349782
332732,467,474,115.518159130171,A,0.987580614185511
332733,467,475,413.966400219877,A,0.956877993318672
332734,467,476,13.6464175665548,A,0.998516623963297
332736,467,478,256.271282318189,A,0.97285892090121
333437,468,466,189.240735622346,A,0.979814669347861
333438,468,467,67.2190951569434,A,0.992735536706514
333442,468,471,186.851894258527,A,0.980064395003868
333445,468,474,182.623489495885,A,0.980506737893552
333446,468,475,481.185258719438,A,0.950224477156984
333447,468,476,53.5904618291191,A,0.994199859680965
333449,468,478,322.937126583323,A,0.966038284629557
335576,471,466,19.8606075114017,A,0.997842594059035
335577,471,467,119.968883744485,A,0.987108284349782
335578,471,468,186.851894258527,A,0.980064395003868
335584,471,474,7.54472734789388,A,0.999179338050376
335585,471,475,295.37184589614,A,0.968846880192398
335586,471,476,133.576741709147,A,0.985666958864014
335588,471,478,136.344298740556,A,0.985374337972829
335713,471,603,417.290606813175,A,0.956546764524694
337715,474,466,26.6049783549746,A,0.997112086415872
337716,474,467,115.518159130171,A,0.987580614185511
337717,474,468,182.623489495885,A,0.980506737893552
337720,474,471,7.54472734789388,A,0.999179338050376
337724,474,475,298.910900182478,A,0.968485376497806
337725,474,476,129.159930212178,A,0.986134319832713
337727,474,478,141.282511850127,A,0.984852639419885
337852,474,603,416.124557299383,A,0.956662925284987
338428,475,466,297.358275293615,A,0.968643939215117
338429,475,467,413.966400219877,A,0.956877993318672
338430,475,468,481.185258719438,A,0.950224477156984
338433,475,471,295.37184589614,A,0.968846880192398
338436,475,474,298.910900182478,A,0.968485376497806
338438,475,476,427.597317464782,A,0.955521244980163
338440,475,478,164.797867075556,A,0.982375914317581
338565,475,603,252.613315968152,A,0.973235958813055
339141,476,466,137.082828574084,A,0.985296280688465
339142,476,467,13.6464175665548,A,0.998516623963297
339143,476,468,53.5904618291191,A,0.994199859680965
339146,476,471,133.576741709147,A,0.985666958864014
339149,476,474,129.159930212178,A,0.986134319832713
339150,476,475,427.597317464782,A,0.955521244980163
339153,476,478,269.8547280676,A,0.971461385994935
340567,478,466,134.833404737792,A,0.985534067126089
340568,478,467,256.271282318189,A,0.97285892090121
340569,478,468,322.937126583323,A,0.966038284629557
340572,478,471,136.344298740556,A,0.985374337972829
340575,478,474,141.282511850127,A,0.984852639419885
340576,478,475,164.797867075556,A,0.982375914317581
340577,478,476,269.8547280676,A,0.971461385994935
340704,478,603,343.825396355716,A,0.963920823380051
343194,482,241,41.0714680641943,A,0.995548769648112
347009,487,491,487.311759858106,A,0.949622656483075
347013,487,495,441.547490393561,A,0.954136697537877
347724,488,493,31.9469022818258,A,0.996534241616934
347725,488,494,263.804454310661,A,0.97208337310758
347728,488,497,68.7940451050101,A,0.992566594842044
347801,488,570,308.405884983945,A,0.967516823989535
348514,489,570,364.375045836378,A,0.961846726895904
349148,490,491,451.809949964896,A,0.953120712599869
349152,490,495,499.817962298151,A,0.948396506008806
349857,491,487,487.311759858106,A,0.949622656483075
349860,491,490,451.809949964896,A,0.953120712599869
349865,491,495,51.1744888431469,A,0.994459893807185
350749,492,666,91.6867923725948,A,0.990117409967328
351284,493,488,31.9469022818258,A,0.996534241616934
351290,493,494,287.764640844934,A,0.969624847428347
351293,493,497,91.1488573153961,A,0.990174822370698
351366,493,570,283.173214944826,A,0.970095004407284
351997,494,488,263.804454310661,A,0.97208337310758
352002,494,493,287.764640844934,A,0.969624847428347
352006,494,497,196.653870246989,A,0.979040521706922
352709,495,487,441.547490393561,A,0.954136697537877
352712,495,490,499.817962298151,A,0.948396506008806
352713,495,491,51.1744888431469,A,0.994459893807185
353595,496,660,16.034534426946,A,0.998257486171707
354136,497,488,68.7940451050101,A,0.992566594842044
354141,497,493,91.1488573153961,A,0.990174822370698
354142,497,494,196.653870246989,A,0.979040521706922
354218,497,570,374.284952720349,A,0.96084969694264
354503,498,142,402.397115173465,A,0.958032564365551
355216,499,142,400.137285242382,A,0.958258412221201
355574,499,500,440.160551365977,A,0.95427417086419
356286,500,499,440.160551365977,A,0.95427417086419
357002,501,502,319.435096273294,A,0.966394199272672
357003,501,503,292.450688152432,A,0.969145470996575
357007,501,507,154.028350691156,A,0.983508652122476
357008,501,508,236.816119898866,A,0.974867586585852
357009,501,509,233.748523248759,A,0.975185060632825
357014,501,514,119.933641615179,A,0.987112022619921
357015,501,515,349.025166153561,A,0.963395160581343
357020,501,520,263.097811170735,A,0.972156070185967
357027,501,527,173.54911243481,A,0.981457378039703
357029,501,529,181.116548389099,A,0.980664478900981
357033,501,533,367.164042845051,A,0.961565918373135
357139,501,639,266.271093607254,A,0.971829698714032
357714,502,501,319.435096273294,A,0.966394199272672
357716,502,503,433.95585818595,A,0.954889665079647
357719,502,506,479.207128812454,A,0.950418956471631
357720,502,507,287.328463285286,A,0.969669491941304
357721,502,508,470.872884364448,A,0.951239210498562
357722,502,509,473.427307991152,A,0.950987654401253
357727,502,514,385.772272578617,A,0.959696547994528
357728,502,515,358.795936461781,A,0.962408948723549
357733,502,520,315.664628612887,A,0.966777688754598
357738,502,525,366.364794403639,A,0.961646373469828
357740,502,527,370.517638228721,A,0.961228480629568
357742,502,529,307.380369454192,A,0.967621340164681
357746,502,533,134.259498065513,A,0.985594753138426
357852,502,639,366.420296144689,A,0.961640786038702
358427,503,501,292.450688152432,A,0.969145470996575
358428,503,502,433.95585818595,A,0.954889665079647
358431,503,505,435.22485692593,A,0.954763718147303
358432,503,506,284.390234365226,A,0.969970338548366
358433,503,507,168.72709360892,A,0.981963287615865
358440,503,514,404.18058466507,A,0.957854399215776
358441,503,515,151.855101990461,A,0.983737551265222
358446,503,520,125.66962674624,A,0.986503956798544
358453,503,527,465.862223602542,A,0.951733040185048
358455,503,529,466.648502469733,A,0.951655513927236
358459,503,533,379.188225813091,A,0.960357145477746
358465,503,539,467.312303739147,A,0.951590073661674
358522,503,596,426.05573427719,A,0.95567449290795
358533,503,607,427.134349483472,A,0.955567263205873
358565,503,639,70.0532021865449,A,0.992431568830112
358610,503,684,409.275815316066,A,0.957345760436707
359351,504,712,120.619954512175,A,0.987039227826519
359855,505,503,435.22485692593,A,0.954763718147303
359858,505,506,321.877182336411,A,0.966145980094207
359867,505,515,428.230256030124,A,0.955458339140418
359872,505,520,495.718188442362,A,0.948798112720515
359948,505,596,18.8915953467282,A,0.997947639286463
359959,505,607,80.2832066285251,A,0.991335912038578
359991,505,639,468.448013977594,A,0.951478131533744
360036,505,684,153.849739369204,A,0.983527460483952
360567,506,502,479.207128812454,A,0.950418956471631
360568,506,503,284.390234365226,A,0.969970338548366
360570,506,505,321.877182336411,A,0.966145980094207
360572,506,507,364.855530026356,A,0.961798337934711
360580,506,515,169.840077553492,A,0.981846470887973
360585,506,520,255.767613280809,A,0.972910818283804
360598,506,533,357.886804361869,A,0.962500626689441
360661,506,596,304.087090563476,A,0.967957129867778
360672,506,607,263.445661194049,A,0.972120283182375
360704,506,639,264.563288747353,A,0.972005318869141
360749,506,684,202.281643362822,A,0.978453634285453
361279,507,501,154.028350691156,A,0.983508652122476
361280,507,502,287.328463285286,A,0.969669491941304
361281,507,503,168.72709360892,A,0.981963287615865
361284,507,506,364.855530026356,A,0.961798337934711
361286,507,508,390.824477356809,A,0.959190260801724
361287,507,509,387.767613198738,A,0.959496528793831
361292,507,514,273.951065568978,A,0.971040721343143
361293,507,515,195.023195253117,A,0.979210706807337
361298,507,520,109.10808756281,A,0.988261673113717
361305,507,527,320.798739635553,A,0.966255579738465
361307,507,529,308.161872172891,A,0.967541690688929
361311,507,533,274.954678920412,A,0.97093771296571
361417,507,639,121.118484180772,A,0.986986357270822
361949,508,458,437.175748767713,A,0.954570158752145
361992,508,501,236.816119898866,A,0.974867586585852
361993,508,502,470.872884364448,A,0.951239210498562
361998,508,507,390.824477356809,A,0.959190260801724
362000,508,509,8.74815919977249,A,0.999048561809732
362005,508,514,116.883361790399,A,0.987435685016043
362011,508,520,499.911474782972,A,0.948387349654318
362018,508,527,100.502892128087,A,0.989177438441124
362020,508,529,168.867681710064,A,0.981948530216038
362662,509,458,439.064414682084,A,0.954382847906415
362705,509,501,233.748523248759,A,0.975185060632825
362706,509,502,473.427307991152,A,0.950987654401253
362711,509,507,387.767613198738,A,0.959496528793831
362712,509,508,8.74815919977249,A,0.999048561809732
362718,509,514,113.941912540557,A,0.987748000589192
362724,509,520,496.795907263151,A,0.948692508310766
362731,509,527,103.712811607259,A,0.988835640254142
362733,509,529,173.162585002891,A,0.981497911945006
362843,509,639,496.459118510222,A,0.9487255073223
364282,511,652,94.9963507883985,A,0.989764335874363
364859,512,516,378.79406059441,A,0.960396722128965
364871,512,528,346.851530774129,A,0.963614831179944
365036,512,693,202.699868546432,A,0.978410048122473
365572,513,516,452.343324307867,A,0.95306796761104
366270,514,501,119.933641615179,A,0.987112022619921
366271,514,502,385.772272578617,A,0.959696547994528
366272,514,503,404.18058466507,A,0.957854399215776
366276,514,507,273.951065568978,A,0.971040721343143
366277,514,508,116.883361790399,A,0.987435685016043
366278,514,509,113.941912540557,A,0.987748000589192
366284,514,515,468.958032271358,A,0.951427869768541
366289,514,520,383.030924397694,A,0.959971485360749
366296,514,527,77.4953740324287,A,0.991634255383596
366298,514,529,129.218162507109,A,0.986128155151246
366302,514,533,461.173876082023,A,0.952195568582091
366408,514,639,384.432022759615,A,0.9598309456649
366983,515,501,349.025166153561,A,0.963395160581343
366984,515,502,358.795936461781,A,0.962408948723549
366985,515,503,151.855101990461,A,0.983737551265222
366987,515,505,428.230256030124,A,0.955458339140418
366988,515,506,169.840077553492,A,0.981846470887973
366989,515,507,195.023195253117,A,0.979210706807337
366996,515,514,468.958032271358,A,0.951427869768541
367002,515,520,85.9275389844985,A,0.990732426179433
367011,515,529,492.925938324229,A,0.949071831450905
367015,515,533,266.701891823343,A,0.971785408096078
367078,515,596,413.856616403925,A,0.956888936251293
367089,515,607,392.5473500597,A,0.959017731886829
367121,515,639,104.808473344646,A,0.988719026224922
367166,515,684,349.443621190612,A,0.963352882432382
367707,516,512,378.79406059441,A,0.960396722128965
367708,516,513,452.343324307867,A,0.95306796761104
368444,517,536,257.275229404545,A,0.972755492054083
368448,517,540,355.810873976021,A,0.962710031477218
368676,518,55,221.823016143907,A,0.976421231237568
368679,518,58,240.522631657406,A,0.974484265113991
368683,518,62,205.969270783847,A,0.978069454698305
368684,518,63,406.487035817369,A,0.957624087450537
368686,518,65,249.185335821963,A,0.973589556694673
368687,518,66,206.640681395801,A,0.977999539136716
369248,518,627,418.020409252026,A,0.956474076641041
369330,518,709,286.906321881695,A,0.969712703712706
369855,519,521,427.374970348587,A,0.955543345350134
369971,519,637,415.496478138538,A,0.956725505634281
370548,520,501,263.097811170735,A,0.972156070185967
370549,520,502,315.664628612887,A,0.966777688754598
370550,520,503,125.66962674624,A,0.986503956798544
370552,520,505,495.718188442362,A,0.948798112720515
370553,520,506,255.767613280809,A,0.972910818283804
370554,520,507,109.10808756281,A,0.988261673113717
370555,520,508,499.911474782972,A,0.948387349654318
370556,520,509,496.795907263151,A,0.948692508310766
370561,520,514,383.030924397694,A,0.959971485360749
370562,520,515,85.9275389844985,A,0.990732426179433
370574,520,527,428.564205500198,A,0.955425152255663
370576,520,529,410.689328755616,A,0.957204750113296
370580,520,533,253.531611325073,A,0.973141279797502
370643,520,596,482.847695904365,A,0.950061096628777
370654,520,607,467.899712654564,A,0.951532171974767
370686,520,639,55.776597230012,A,0.993964680426102
370731,520,684,430.318560077253,A,0.95525084768345
371279,521,519,427.374970348587,A,0.955543345350134
371282,521,522,419.695131565176,A,0.956307317061164
371397,521,637,12.1011149896989,A,0.998684378544163
371413,521,653,341.621996199812,A,0.96414374584146
371994,522,521,419.695131565176,A,0.956307317061164
372044,522,571,399.852775297683,A,0.958286853749219
372110,522,637,430.668488730295,A,0.955216087995558
373431,524,532,147.349695687816,A,0.984212426322482
373434,524,535,115.290925161106,A,0.987604741349717
374114,525,502,366.364794403639,A,0.961646373469828
374145,525,533,423.285456235893,A,0.955950008282504
374150,525,538,387.983959630258,A,0.959474846559136
374257,525,645,446.980380784186,A,0.953598570965704
374855,526,530,347.036241344963,A,0.963596160179471
374862,526,537,257.502039443706,A,0.972732128628037
375539,527,501,173.54911243481,A,0.981457378039703
375540,527,502,370.517638228721,A,0.961228480629568
375541,527,503,465.862223602542,A,0.951733040185048
375545,527,507,320.798739635553,A,0.966255579738465
375546,527,508,100.502892128087,A,0.989177438441124
375547,527,509,103.712811607259,A,0.988835640254142
375552,527,514,77.4953740324287,A,0.991634255383596
375558,527,520,428.564205500198,A,0.955425152255663
375567,527,529,71.2873209624258,A,0.992299263450762
375571,527,533,465.062056908837,A,0.951811948736738
375677,527,639,438.060083030458,A,0.954482444623515
376263,528,512,346.851530774129,A,0.963614831179944
376444,528,693,145.565389883526,A,0.984400620990319
376965,529,501,181.116548389099,A,0.980664478900981
376966,529,502,307.380369454192,A,0.967621340164681
376967,529,503,466.648502469733,A,0.951655513927236
376971,529,507,308.161872172891,A,0.967541690688929
376972,529,508,168.867681710064,A,0.981948530216038
376973,529,509,173.162585002891,A,0.981497911945006
376978,529,514,129.218162507109,A,0.986128155151246
376979,529,515,492.925938324229,A,0.949071831450905
376984,529,520,410.689328755616,A,0.957204750113296
376991,529,527,71.2873209624258,A,0.992299263450762
376997,529,533,411.385188710928,A,0.957135347256384
377103,529,639,429.048451356696,A,0.955377033467259
377703,530,526,347.036241344963,A,0.963596160179471
378422,531,532,437.430088228694,A,0.954544930028561
379127,532,524,147.349695687816,A,0.984212426322482
379134,532,531,437.430088228694,A,0.954544930028561
379138,532,535,193.3888183282,A,0.979381337637115
379817,533,501,367.164042845051,A,0.961565918373135
379818,533,502,134.259498065513,A,0.985594753138426
379819,533,503,379.188225813091,A,0.960357145477746
379822,533,506,357.886804361869,A,0.962500626689441
379823,533,507,274.954678920412,A,0.97093771296571
379830,533,514,461.173876082023,A,0.952195568582091
379831,533,515,266.701891823343,A,0.971785408096078
379836,533,520,253.531611325073,A,0.973141279797502
379841,533,525,423.285456235893,A,0.955950008282504
379843,533,527,465.062056908837,A,0.951811948736738
379845,533,529,411.385188710928,A,0.957135347256384
379955,533,639,309.273516309221,A,0.967428416330273
381266,535,524,115.290925161106,A,0.987604741349717
381274,535,532,193.3888183282,A,0.979381337637115
381972,536,517,257.275229404545,A,0.972755492054083
381995,536,540,317.111142374631,A,0.966630529696414
382694,537,526,257.502039443706,A,0.972732128628037
383406,538,525,387.983959630258,A,0.959474846559136
383421,538,540,377.708170736493,A,0.960505769130133
383526,538,645,60.5890792092692,A,0.993447356898385
384097,539,503,467.312303739147,A,0.951590073661674
384824,540,517,355.810873976021,A,0.962710031477218
384843,540,536,317.111142374631,A,0.966630529696414
384845,540,538,377.708170736493,A,0.960505769130133
384952,540,645,336.820762064466,A,0.964629853737084
386277,542,544,412.778114477251,A,0.956996451506222
386280,542,547,12.1167162501957,A,0.99868268462466
386281,542,548,9.89880821210686,A,0.998923553459283
386721,543,275,247.61693282383,A,0.973751423941303
387701,544,542,412.778114477251,A,0.956996451506222
387706,544,547,400.919819553973,A,0.95818019353412
387707,544,548,403.202443519552,A,0.95795210541633
387708,544,549,371.980086467539,A,0.961081403680925
389840,547,542,12.1167162501957,A,0.99868268462466
389842,547,544,400.919819553973,A,0.95818019353412
389846,547,548,5.43490023406876,A,0.999408694385449
390553,548,542,9.89880821210686,A,0.998923553459283
390555,548,544,403.202443519552,A,0.95795210541633
390558,548,547,5.43490023406876,A,0.999408694385449
391268,549,544,371.980086467539,A,0.961081403680925
393426,552,563,463.808591487914,A,0.951935585713061
393574,552,711,78.4692828320312,A,0.99153001092518
394142,553,566,247.795345207056,A,0.973733008153777
394856,554,567,253.655294411051,A,0.973128529106655
395560,555,558,243.9077322758,A,0.974134446739746
395563,555,561,297.877321056811,A,0.968590925588509
395567,555,565,69.2040106762056,A,0.99252262805185
396283,556,568,113.445465070093,A,0.987800731601402
396991,557,563,493.083471406757,A,0.949056384592233
397696,558,555,243.9077322758,A,0.974134446739746
397702,558,561,448.299575429583,A,0.953467996608989
397706,558,565,276.503209829664,A,0.970778818473446
399165,560,598,368.657931797999,A,0.961415574465517
399835,561,555,297.877321056811,A,0.968590925588509
399838,561,558,448.299575429583,A,0.953467996608989
399845,561,565,228.673611780275,A,0.975710731482658
401258,563,552,463.808591487914,A,0.951935585713061
401263,563,557,493.083471406757,A,0.949056384592233
401417,563,711,489.361069013678,A,0.94942151811527
402006,564,587,320.435911313387,A,0.966292458734407
402014,564,595,272.502001101359,A,0.971189488281849
402687,565,555,69.2040106762056,A,0.99252262805185
402690,565,558,276.503209829664,A,0.970778818473446
402693,565,561,228.673611780275,A,0.975710731482658
403398,566,553,247.795345207056,A,0.973733008153777
404112,567,554,253.655294411051,A,0.973128529106655
404156,567,598,328.965741003322,A,0.965426204569053
404827,568,556,113.445465070093,A,0.987800731601402
405320,569,336,149.673426348563,A,0.983967445174527
405334,569,350,3.99286237046261,A,0.999565516879177
406185,570,488,308.405884983945,A,0.967516823989535
406186,570,489,364.375045836378,A,0.961846726895904
406190,570,493,283.173214944826,A,0.970095004407284
406194,570,497,374.284952720349,A,0.96084969694264
406932,571,522,399.852775297683,A,0.958286853749219
407151,572,28,33.2131561660444,A,0.996397367008162
407152,572,29,53.7846837082177,A,0.99417896124809
408274,573,438,301.599232997669,A,0.968210951673601
408275,573,439,267.443486239234,A,0.97170917379368
408279,573,443,138.660113772335,A,0.985129614405777
408949,574,400,24.7911813533562,A,0.99730844028246
408950,574,401,31.9354830977557,A,0.996535476134763
408957,574,408,311.807423909972,A,0.967170315218287
408962,574,413,286.979577789531,A,0.969705204722789
408963,574,414,29.5284236554095,A,0.996795769482146
409143,574,594,323.69635257128,A,0.96596115835214
409193,574,644,100.08173930992,A,0.989222301110918
409584,575,322,370.32897276372,A,0.961247457803928
410557,576,582,483.993908217574,A,0.949948482220118
410813,577,125,454.325960943477,A,0.952871957330949
411601,578,200,4.12341833504398,A,0.999551316812556
411617,578,216,4.06159573467909,A,0.999558040967066
412483,579,369,125.995587229662,A,0.986469424561237
412490,579,376,177.642659593589,A,0.981028306129595
412495,579,381,112.160615201117,A,0.987937230259906
412728,579,614,443.460059279806,A,0.953947188763992
412765,579,651,297.140169717889,A,0.968666217532697
413688,581,148,34.2385804026512,A,0.996286552219971
413733,581,193,1.85945972125356,A,0.999797615999991
413745,581,205,3.0075952997559,A,0.999672693575506
414829,582,576,483.993908217574,A,0.949948482220118
415234,583,268,100.236174642567,A,0.989205849647146
415641,583,675,224.558742795741,A,0.976137375184108
417496,586,391,323.385286395141,A,0.96599275664553
418382,587,564,320.435911313387,A,0.966292458734407
418411,587,593,444.079502121583,A,0.953885826797362
418413,587,595,47.9643175731887,A,0.994805618985452
419121,588,590,1.99642593883043,A,0.999782711806325
419122,588,591,6.32890798517798,A,0.999311495207101
420545,590,588,1.99642593883043,A,0.999782711806325
420548,590,591,8.24348779355277,A,0.999103399990397
421258,591,588,6.32890798517798,A,0.999311495207101
421260,591,590,8.24348779355277,A,0.999103399990397
421575,592,192,3.79957199451643,A,0.999586541065616
421587,592,204,5.13537762787552,A,0.999441263601743
421696,592,313,456.625440020476,A,0.952644723872775
421749,592,366,474.699722293608,A,0.950862398441819
422683,593,587,444.079502121583,A,0.953885826797362
422691,593,595,451.610680475922,A,0.953140419708231
423209,594,400,346.87229495984,A,0.963612732248697
423210,594,401,345.870633342152,A,0.963713994838674
423217,594,408,15.9302095439132,A,0.998268803796315
423223,594,414,343.213604444734,A,0.963982709269913
423383,594,574,323.69635257128,A,0.96596115835214
423453,594,644,257.664504515455,A,0.972715393988609
424086,595,564,272.502001101359,A,0.971189488281849
424109,595,587,47.9643175731887,A,0.994805618985452
424115,595,593,451.610680475922,A,0.953140419708231
424738,596,503,426.05573427719,A,0.95567449290795
424740,596,505,18.8915953467282,A,0.997947639286463
424741,596,506,304.087090563476,A,0.967957129867778
424750,596,515,413.856616403925,A,0.956888936251293
424755,596,520,482.847695904365,A,0.950061096628777
424842,596,607,62.7307252614145,A,0.993217311188168
424874,596,639,457.070124219248,A,0.952600792891315
424919,596,684,135.299974970151,A,0.985484736585644
425399,597,451,52.6837938538812,A,0.994297429521094
425404,597,456,282.566414988961,A,0.970157174170221
426221,598,560,368.657931797999,A,0.961415574465517
426228,598,567,328.965741003322,A,0.965426204569053
426587,599,213,269.121963586165,A,0.971536674115374
426752,599,378,326.072238983536,A,0.965719882524856
427234,600,147,456.754743814427,A,0.952631949350138
428804,602,291,417.57207260821,A,0.956518729392166
428818,602,305,472.598880721799,A,0.95106922219128
428831,602,318,260.313224736199,A,0.97244264498357
429692,603,466,430.469215849918,A,0.955235882186602
429697,603,471,417.290606813175,A,0.956546764524694
429700,603,474,416.124557299383,A,0.956662925284987
429701,603,475,252.613315968152,A,0.973235958813055
429704,603,478,343.825396355716,A,0.963920823380051
429949,604,10,28.0166830835427,A,0.99695931482945
429952,604,13,152.857246365458,A,0.983631986377823
430561,604,622,26.7961525171449,A,0.99709139522688
430641,604,702,191.268922342814,A,0.979602745822947
430932,605,280,147.966961516525,A,0.984147338685461
430933,605,281,8.21869433123733,A,0.99910609423193
430934,605,282,137.945682994407,A,0.985205098853957
430937,605,285,141.150129848085,A,0.984866617737948
430938,605,286,226.644012443417,A,0.975921120669018
431520,606,155,193.15894393625,A,0.979405341558128
431522,606,157,206.157692907774,A,0.978049832851657
432581,607,503,427.134349483472,A,0.955567263205873
432583,607,505,80.2832066285251,A,0.991335912038578
432584,607,506,263.445661194049,A,0.972120283182375
432593,607,515,392.5473500597,A,0.959017731886829
432598,607,520,467.899712654564,A,0.951532171974767
432674,607,596,62.7307252614145,A,0.993217311188168
432717,607,639,448.907372422203,A,0.953407848677941
432762,607,684,75.5287547410438,A,0.991844823615273
432874,608,83,498.77738326007,A,0.94849840712175
433874,609,370,283.484157454842,A,0.970063149842313
433875,609,371,324.523999576483,A,0.965877095526873
435935,612,292,292.206907412762,A,0.969170397754995
436326,612,683,258.424954174411,A,0.97263707187838
436791,613,435,439.019267621809,A,0.954387324565971
436797,613,441,207.058000134665,A,0.977956087794737
437430,614,361,331.235647940234,A,0.965195943813167
437433,614,364,326.000664040829,A,0.965727149336875
437438,614,369,372.638222859486,A,0.961015230249813
437441,614,372,325.974976493068,A,0.965729757351391
437445,614,376,266.105791192071,A,0.971846694624349
437450,614,381,464.538699346097,A,0.951863566795074
437648,614,579,443.460059279806,A,0.953947188763992
437720,614,651,177.441240124693,A,0.981049409468271
437756,614,687,283.687220269096,A,0.970042348162595
438005,615,223,68.2157920520331,A,0.992628616258921
438789,616,294,14.089457962099,A,0.998468538886501
438803,616,308,49.1515862540705,A,0.994677725937634
439498,617,290,372.531036733728,A,0.961026006838013
439503,617,295,372.847258426623,A,0.960994214323667
439505,617,297,432.626980574261,A,0.955021590555903
439513,617,305,291.132522654939,A,0.96928026966001
439520,617,312,19.8151272338372,A,0.997847523828743
439525,617,317,495.314305935646,A,0.948837694752738
439837,617,629,184.284238498726,A,0.980332955614551
440074,618,153,63.7148774243655,A,0.993111633840583
440792,619,158,422.32607000152,A,0.956045460167805
440853,619,219,183.554322573555,A,0.980409327089633
440856,619,222,359.23390096009,A,0.962364790093818
440858,619,224,216.089302062917,A,0.977016691155027
442694,621,634,464.85752881848,A,0.951832120403055
442783,622,10,1.42861338569009,A,0.999844502116925
442786,622,13,179.639337410566,A,0.980819157138311
443377,622,604,26.7961525171449,A,0.99709139522688
443475,622,702,189.351621835895,A,0.979803080571161
443506,623,20,52.7117558785487,A,0.994294420139665
443514,623,28,477.902741251397,A,0.950547240546628
443515,623,29,459.687733419316,A,0.952342277672764
444451,624,252,74.7186279112189,A,0.991931590852937
444453,624,254,279.741619571128,A,0.970446693848521
444466,624,267,363.263620863367,A,0.961958675772872
445219,625,307,94.2250424503756,A,0.98984659896564
445697,626,72,236.601890007188,A,0.974889751114846
445699,626,74,289.933117594107,A,0.969402956192564
446290,626,665,224.421746912065,A,0.976151585804132
446393,627,55,255.192483401198,A,0.972970085667287
446396,627,58,218.811345980688,A,0.976733909859514
446400,627,62,331.834253417719,A,0.965135239206331
446401,627,63,13.4126614714844,A,0.998541996382693
446402,627,64,466.123005423065,A,0.951707325975732
446403,627,65,226.213979303854,A,0.975965709748232
446404,627,66,277.346130173076,A,0.970692348418167
446856,627,518,418.020409252026,A,0.956474076641041
447047,627,709,385.374495874855,A,0.959736432348469
447350,628,299,359.485491359796,A,0.962339424830709
447353,628,302,374.852811718061,A,0.96079262759159
448054,629,290,300.054843323755,A,0.968368583850966
448059,629,295,291.57387045434,A,0.969235132234071
448069,629,305,359.579834087416,A,0.962329913571984
448076,629,312,193.948896717613,A,0.979322858112385
448381,629,617,184.284238498726,A,0.980332955614551
449361,631,171,190.72683130806,A,0.979659379482087
449378,631,188,55.5857370989978,A,0.993985208272753
449401,631,211,463.879814450686,A,0.951928559695068
449854,631,664,27.411448612461,A,0.997024806242
451950,634,621,464.85752881848,A,0.951832120403055
452361,635,319,52.1794110555491,A,0.994351716280073
453987,637,519,415.496478138538,A,0.956725505634281
453989,637,521,12.1011149896989,A,0.998684378544163
453990,637,522,430.668488730295,A,0.955216087995558
454121,637,653,345.931388431193,A,0.96370785222039
455395,639,501,266.271093607254,A,0.971829698714032
455396,639,502,366.420296144689,A,0.961640786038702
455397,639,503,70.0532021865449,A,0.992431568830112
455399,639,505,468.448013977594,A,0.951478131533744
455400,639,506,264.563288747353,A,0.972005318869141
455401,639,507,121.118484180772,A,0.986986357270822
455403,639,509,496.459118510222,A,0.9487255073223
455408,639,514,384.432022759615,A,0.9598309456649
455409,639,515,104.808473344646,A,0.988719026224922
455414,639,520,55.776597230012,A,0.993964680426102
455421,639,527,438.060083030458,A,0.954482444623515
455423,639,529,429.048451356696,A,0.955377033467259
455427,639,533,309.273516309221,A,0.967428416330273
455490,639,596,457.070124219248,A,0.952600792891315
455501,639,607,448.907372422203,A,0.953407848677941
455578,639,684,419.569311736751,A,0.956319843483146
455921,640,314,320.134062776845,A,0.966323141701062
457131,642,98,442.117810103406,A,0.954080178968912
457132,642,99,438.84616712665,A,0.954404489128909
457141,642,108,235.861728066881,A,0.974966337077981
457145,642,112,409.617709757161,A,0.957311649668127
457153,642,120,2.57327081810842,A,0.999719946402885
457154,642,121,2.57327081810842,A,0.999719946402885
457161,642,128,59.5290103915334,A,0.993561264018762
457164,642,131,160.816736685221,A,0.982794345517732
457700,642,667,68.0186043785967,A,0.99264976769711
457712,642,679,144.449286633483,A,0.984518375454675
457715,642,682,144.59208927022,A,0.984503307492011
457741,642,708,289.232090446789,A,0.969474678284698
458033,643,287,46.8681621452615,A,0.994923726480686
458859,644,400,123.656838032033,A,0.986717245103
458860,644,401,131.867984032963,A,0.985847716983798
458867,644,408,249.045792144887,A,0.973603956137988
458872,644,413,386.966737193021,A,0.959576801098719
458873,644,414,129.335530484771,A,0.986115730386633
459033,644,574,100.08173930992,A,0.989222301110918
459053,644,594,257.664504515455,A,0.972715393988609
459697,645,525,446.980380784186,A,0.953598570965704
459710,645,538,60.5890792092692,A,0.993447356898385
459712,645,540,336.820762064466,A,0.964629853737084
460322,646,437,34.3156703234286,A,0.996278222319584
461544,648,233,225.587976706603,A,0.976030625702016
463814,651,364,496.178568523078,A,0.948752997737199
463819,651,369,268.531433245314,A,0.971597356835941
463822,651,372,496.176037065867,A,0.948753245795823
463826,651,376,130.916820344953,A,0.985948362995672
463831,651,381,351.161358418007,A,0.963179371595331
464029,651,579,297.140169717889,A,0.968666217532697
464064,651,614,177.441240124693,A,0.981049409468271
464137,651,687,460.965387430031,A,0.952216147447288
464674,652,511,94.9963507883985,A,0.989764335874363
465246,653,370,387.022557626544,A,0.959571205746172
465397,653,521,341.621996199812,A,0.96414374584146
465513,653,637,345.931388431193,A,0.96370785222039
467179,656,164,101.680680721102,A,0.98905199788414
467805,657,77,114.076627712373,A,0.987733692559263
468582,658,141,233.601690408569,A,0.975200261954572
469409,659,255,162.104912685894,A,0.982658914558546
469415,659,261,150.006312497643,A,0.983932360374752
470363,660,496,16.034534426946,A,0.998257486171707
471628,662,335,399.028860471882,A,0.958369227342581
471637,662,344,24.7306406855381,A,0.997314995488609
472141,663,135,346.395562058176,A,0.963660924721147
472890,664,171,189.137757227119,A,0.979825431919807
472907,664,188,65.5237777938003,A,0.99291745443593
472930,664,211,489.77997165194,A,0.949380413580526
473350,664,631,27.411448612461,A,0.997024806242
473502,665,70,393.51705601412,A,0.958920652578162
473504,665,72,13.3719539087604,A,0.998546415006169
473506,665,74,65.548522448079,A,0.992914798706524
474058,665,626,224.421746912065,A,0.976151585804132
474637,666,492,91.6867923725948,A,0.990117409967328
474957,667,99,439.953539629945,A,0.954294693254747
474966,667,108,196.969973459698,A,0.979007538497208
474970,667,112,476.460390296284,A,0.950689133387794
474978,667,120,70.4675272474229,A,0.992387146615378
474979,667,121,70.4675272474229,A,0.992387146615378
474986,667,128,45.6521837160076,A,0.995054777363519
474989,667,131,216.146968959658,A,0.977010698694433
475500,667,642,68.0186043785967,A,0.99264976769711
475537,667,679,170.818946854774,A,0.981743753553264
475540,667,682,170.94129455347,A,0.981730916547901
475566,667,708,259.795457844958,A,0.972495949422447
475755,668,184,12.791559213767,A,0.998609418502637
476644,669,360,325.243158874386,A,0.965804063509289
476658,669,374,271.39589528847,A,0.971303076350474
477337,670,340,201.463683840742,A,0.978538890777077
477338,670,341,451.876273299006,A,0.953114153617256
477342,670,345,204.717201320329,A,0.978199862333714
477354,670,357,189.702608144591,A,0.979766400613858
478073,671,363,82.838397604507,A,0.99106262275345
478637,672,214,67.5879213526153,A,0.992695968270137
479119,672,696,36.6217440767084,A,0.996029105435912
480242,674,393,429.990117007728,A,0.95528347543168
480540,674,691,391.876465260135,A,0.959084907083866
480830,675,268,317.845984723379,A,0.966555788694819
480832,675,270,440.540862776165,A,0.954236470474562
481145,675,583,224.558742795741,A,0.976137375184108
482723,678,22,263.7235323687,A,0.972091697534563
482724,678,23,374.575334138572,A,0.960820513007661
482725,678,24,33.5388302906708,A,0.996362169626416
482726,678,25,243.605936187435,A,0.974165624334722
482727,678,26,75.0333495220333,A,0.991897881334148
482728,678,27,57.1696619373674,A,0.993814875864354
483395,678,694,359.594282998569,A,0.962328456906808
483512,679,98,366.399946655302,A,0.961642834640238
483513,679,99,301.015423972812,A,0.96827053363746
483522,679,108,367.156682444472,A,0.961566659234952
483526,679,112,436.008261320857,A,0.954685982582248
483534,679,120,143.218281037848,A,0.984648285365757
483535,679,121,143.218281037848,A,0.984648285365757
483542,679,128,125.262572314523,A,0.986547083519524
483545,679,131,266.191373069814,A,0.971837895272052
484056,679,642,144.449286633483,A,0.984518375454675
484081,679,667,170.818946854774,A,0.981743753553264
484096,679,682,0.144681711270953,A,0.999984249871561
484122,679,708,207.652674956681,A,0.977894176759105
484211,680,84,146.514479577724,A,0.984300509448602
485072,681,232,142.442586877833,A,0.984730163171382
485077,681,237,92.0503203649566,A,0.990078615344088
485651,682,98,366.36703216236,A,0.961646148190545
485652,682,99,300.873848855578,A,0.968284983514295
485661,682,108,367.283638743008,A,0.961553880596688
485665,682,112,436.079078937093,A,0.954678956123471
485673,682,120,143.361431042014,A,0.984633176764411
485674,682,121,143.361431042014,A,0.984633176764411
485681,682,128,125.383341785431,A,0.986534287807192
485684,682,131,266.32568240883,A,0.971824086183862
486195,682,642,144.59208927022,A,0.984503307492011
486220,682,667,170.94129455347,A,0.981730916547901
486232,682,679,0.144681711270953,A,0.999984249871561
486261,682,708,207.583923558494,A,0.977901334001676
486558,683,292,124.666818047776,A,0.986610209463677
486878,683,612,258.424954174411,A,0.97263707187838
487482,684,503,409.275815316066,A,0.957345760436707
487484,684,505,153.849739369204,A,0.983527460483952
487485,684,506,202.281643362822,A,0.978453634285453
487494,684,515,349.443621190612,A,0.963352882432382
487499,684,520,430.318560077253,A,0.95525084768345
487575,684,596,135.299974970151,A,0.985484736585644
487586,684,607,75.5287547410438,A,0.991844823615273
487618,684,639,419.569311736751,A,0.956319843483146
487697,685,5,224.189848638424,A,0.976175641617701
489479,687,361,100.752034575781,A,0.989150900832611
489482,687,364,100.666539996974,A,0.989160007196068
489490,687,372,100.498308240594,A,0.989177926710933
489732,687,614,283.687220269096,A,0.970042348162595
489769,687,651,460.965387430031,A,0.952216147447288
491960,690,703,374.693063936684,A,0.960808681423773
492644,691,674,391.876465260135,A,0.959084907083866
493908,693,512,202.699868546432,A,0.978410048122473
493924,693,528,145.565389883526,A,0.984400620990319
494131,694,22,96.2842437797498,A,0.989627007454606
494133,694,24,392.006508166245,A,0.959071885248928
494134,694,25,116.98047082759,A,0.987425377594109
494135,694,26,414.092844840839,A,0.956865389995429
494136,694,27,390.166622574707,A,0.959256154926518
494787,694,678,359.594282998569,A,0.962328456906808
495749,696,214,37.3603537983007,A,0.995949342413668
496207,696,672,36.6217440767084,A,0.996029105435912
496315,697,67,442.026097300028,A,0.954089267237547
496316,697,68,442.026097300028,A,0.954089267237547
496317,697,69,442.026097300028,A,0.954089267237547
496319,697,71,432.914892148365,A,0.954993004791671
497199,698,238,375.662680208452,A,0.960711248217969
497201,698,240,478.457331692628,A,0.950492693383213
497203,698,242,172.470427243176,A,0.98157050469936
497205,698,244,312.3429035136,A,0.967115789465696
498521,700,134,138.824915519844,A,0.985112203627313
499345,701,245,149.912069391757,A,0.98394229294776
499351,701,251,185.12662364487,A,0.980244831215828
499354,701,254,428.216298261457,A,0.955459726271298
499367,701,267,350.379592642171,A,0.963258331006976
499376,701,276,440.718068282098,A,0.954218905054403
499823,702,10,188.594993658463,A,0.979882161628251
499826,702,13,265.020101661801,A,0.971958336818683
500417,702,604,191.268922342814,A,0.979602745822947
500435,702,622,189.351621835895,A,0.979803080571161
501216,703,690,374.693063936684,A,0.960808681423773
503072,706,407,154.237745798954,A,0.983486603042784
503080,706,415,345.597769525437,A,0.96374158358823
503085,706,420,368.676469453132,A,0.961413709144578
503087,706,422,312.558054131097,A,0.967093883267622
503097,706,432,375.639047103257,A,0.960713622787636
503624,707,246,277.044396202511,A,0.970723299695092
503625,707,247,238.586643168398,A,0.974684444309591
503628,707,250,277.044396202511,A,0.970723299695092
503640,707,262,277.044396202511,A,0.970723299695092
503641,707,263,206.07316732938,A,0.978058635053624
504190,708,99,230.008479707481,A,0.975572407911797
504199,708,108,420.940270145178,A,0.956183370735153
504211,708,120,289.85138807473,A,0.969411317393749
504212,708,121,289.85138807473,A,0.969411317393749
504219,708,128,232.891899531876,A,0.975273751923061
504222,708,131,446.02622604343,A,0.953693035832911
504733,708,642,289.232090446789,A,0.969474678284698
504758,708,667,259.795457844958,A,0.972495949422447
504770,708,679,207.652674956681,A,0.977894176759105
504773,708,682,207.583923558494,A,0.977901334001676
504859,709,55,375.229183817081,A,0.960754806248093
504862,709,58,184.805642610394,A,0.980278408121707
504866,709,62,417.186201845978,A,0.956557164099904
504867,709,63,381.403015174909,A,0.960134827426298
504869,709,65,170.013919226443,A,0.981828227298412
504870,709,66,377.998740059323,A,0.960476587212658
505322,709,518,286.906321881695,A,0.969712703712706
505431,709,627,385.374495874855,A,0.959736432348469
505846,710,329,239.801525486959,A,0.974558817131535
506782,711,552,78.4692828320312,A,0.99153001092518
506793,711,563,489.361069013678,A,0.94942151811527
507447,712,504,120.619954512175,A,0.987039227826519
